Drake,Broschke,dbroschke0@sciencedirect.com
Ulric,Smogur,usmogur1@yelp.com
Floria,Egdell,fegdell2@nbcnews.com
Goldie,Styan,gstyan3@yahoo.co.jp
Nertie,Bennough,nbennough4@pcworld.com
Gennifer,Simmonett,gsimmonett5@phpbb.com
Orson,Bedham,obedham6@dailymail.co.uk
Vania,Tilne,vtilne7@php.net
Rolf,Shuker,rshuker8@hostgator.com
Teressa,Footitt,tfootitt9@vistaprint.com
Kingston,Quye,kquyea@freewebs.com
Carey,Davidge,cdavidgeb@multiply.com
Deanna,Rasper,drasperc@ask.com
Gerianna,Stoltz,gstoltzd@omniture.com
Lambert,Hizir,lhizire@posterous.com
Elijah,Omar,eomarf@hibu.com
Koren,Towse,ktowseg@ehow.com
Rafael,Lyles,rlylesh@wikispaces.com
Carny,Kippie,ckippiei@chron.com
Janette,Rosengren,jrosengrenj@wufoo.com
Conrado,Faye,cfayek@timesonline.co.uk
Galen,Lambersen,glambersenl@hp.com
Brit,Wallhead,bwallheadm@independent.co.uk
Adina,Peppard,apeppardn@booking.com
Sebastiano,Wile,swileo@blogs.com
Dosi,Risby,drisbyp@ezinearticles.com
Bobbi,Huxton,bhuxtonq@freewebs.com
Aretha,Stichel,astichelr@yellowpages.com
Vlad,Corns,vcornss@barnesandnoble.com
Dora,Vitall,dvitallt@trellian.com
Jemmy,Toderini,jtoderiniu@squarespace.com
Nealson,Riccardelli,nriccardelliv@jugem.jp
Hedwiga,Gatecliff,hgatecliffw@bbc.co.uk
Teressa,Stanex,tstanexx@51.la
Reiko,Mannin,rmanniny@blogspot.com
Goran,Mullins,gmullinsz@nbcnews.com
Shana,Tremain,stremain10@g.co
Rupert,Chrismas,rchrismas11@mit.edu
Clemmie,Scullion,cscullion12@dyndns.org
Somerset,Calcut,scalcut13@360.cn
Aryn,Pinn,apinn14@posterous.com
Adriena,Hurburt,ahurburt15@gnu.org
Loydie,Pringley,lpringley16@purevolume.com
Lira,Muggach,lmuggach17@de.vu
Emeline,Gebhard,egebhard18@exblog.jp
Nicky,Serjeantson,nserjeantson19@qq.com
Lenard,Hundal,lhundal1a@berkeley.edu
Oswell,Simnel,osimnel1b@hao123.com
Tiebold,Deathridge,tdeathridge1c@usgs.gov
Suzi,Butrimovich,sbutrimovich1d@sohu.com
Benn,Ollerhad,bollerhad1e@wired.com
Silvanus,Jouannot,sjouannot1f@cmu.edu
Hubey,Schumacher,hschumacher1g@cnbc.com
Tova,Rose,trose1h@sogou.com
Templeton,McErlaine,tmcerlaine1i@addtoany.com
Harald,Lerego,hlerego1j@cafepress.com
Homer,Reach,hreach1k@weibo.com
Jamey,Hebblethwaite,jhebblethwaite1l@ehow.com
Thane,Abdie,tabdie1m@google.cn
Renate,Horder,rhorder1n@stanford.edu
Marnia,Le Noire,mlenoire1o@umich.edu
Wildon,Beggio,wbeggio1p@engadget.com
Jude,Drife,jdrife1q@amazon.co.jp
Freemon,Edgerly,fedgerly1r@amazon.co.uk
Ermina,Buckel,ebuckel1s@nba.com
Henrieta,McAndie,hmcandie1t@amazon.co.jp
Ashlee,Hammatt,ahammatt1u@unblog.fr
Shaun,Budibent,sbudibent1v@myspace.com
Trevor,Newbigging,tnewbigging1w@newyorker.com
Bill,Burroughes,bburroughes1x@home.pl
Orsola,Marflitt,omarflitt1y@yahoo.co.jp
Dave,O'Noulane,donoulane1z@gnu.org
Stuart,Eckery,seckery20@furl.net
Ed,Robey,erobey21@miitbeian.gov.cn
Reine,Millsom,rmillsom22@cbslocal.com
Blinni,Franzke,bfranzke23@github.com
Ced,Christene,cchristene24@mail.ru
Uta,Wilsdon,uwilsdon25@vkontakte.ru
Josi,Ebbetts,jebbetts26@ucoz.ru
Rebekkah,Izkovici,rizkovici27@ezinearticles.com
Kristoforo,Howlett,khowlett28@mediafire.com
Jesselyn,Brumpton,jbrumpton29@gmpg.org
Jaime,O' Loughran,joloughran2a@wufoo.com
Benoite,Banane,bbanane2b@sakura.ne.jp
Alvan,Ivanuschka,aivanuschka2c@elegantthemes.com
Dan,Wethered,dwethered2d@tamu.edu
Edd,Pickett,epickett2e@cisco.com
Agace,Hurdle,ahurdle2f@slashdot.org
Theodore,Beagles,tbeagles2g@statcounter.com
Leighton,Rawlinson,lrawlinson2h@spiegel.de
Ivette,Spanswick,ispanswick2i@icio.us
Boony,Cumberledge,bcumberledge2j@theguardian.com
Dar,Gligorijevic,dgligorijevic2k@ihg.com
Abbi,Waplinton,awaplinton2l@smugmug.com
Langston,MacDonagh,lmacdonagh2m@yandex.ru
Kassi,Milmo,kmilmo2n@google.de
Larina,Jonah,ljonah2o@weibo.com
Luca,Godsil,lgodsil2p@vistaprint.com
Demetri,Tolchar,dtolchar2q@liveinternet.ru
Suzann,Muncaster,smuncaster2r@blogtalkradio.com
Mattias,Reagan,mreagan2s@blogger.com
Arron,Vedeshkin,avedeshkin2t@eepurl.com
Alon,Huzzey,ahuzzey2u@psu.edu
Sara-ann,Lukasen,slukasen2v@mapy.cz
Hillary,Klimov,hklimov2w@cnbc.com
Valerye,Kynan,vkynan2x@sun.com
Mylo,Barbour,mbarbour2y@creativecommons.org
Levin,Lyngsted,llyngsted2z@statcounter.com
Orsola,Ughi,oughi30@tinypic.com
Keith,Clevely,kclevely31@tumblr.com
Maribel,Landells,mlandells32@infoseek.co.jp
Kristo,Arnauduc,karnauduc33@bandcamp.com
Herschel,Penas,hpenas34@dailymail.co.uk
Lidia,Balleine,lballeine35@dot.gov
Ax,Jeandet,ajeandet36@sfgate.com
Hannie,Prinn,hprinn37@prlog.org
Renell,Sign,rsign38@stanford.edu
Leon,Wildman,lwildman39@edublogs.org
Gwenny,Jarrel,gjarrel3a@miitbeian.gov.cn
Jasmin,Worboys,jworboys3b@wiley.com
Twila,Billingham,tbillingham3c@msn.com
Annalee,Gingle,agingle3d@devhub.com
Vera,Bartalini,vbartalini3e@comsenz.com
Kathi,Brecknock,kbrecknock3f@about.me
Bettina,Killingworth,bkillingworth3g@newyorker.com
Madelaine,Start,mstart3h@sina.com.cn
Jedediah,Easson,jeasson3i@mtv.com
Anabal,Danilchev,adanilchev3j@youtu.be
Della,Lermit,dlermit3k@spiegel.de
Gav,Cruickshank,gcruickshank3l@apple.com
Delilah,Nicholas,dnicholas3m@youtu.be
Chase,Coggell,ccoggell3n@nba.com
Jo-ann,Dorling,jdorling3o@amazon.de
Carolee,Salisbury,csalisbury3p@webs.com
Mira,Betancourt,mbetancourt3q@cmu.edu
Verene,Calafate,vcalafate3r@engadget.com
Deva,Keeting,dkeeting3s@cnn.com
Osbourn,Goley,ogoley3t@washington.edu
Aristotle,Confort,aconfort3u@list-manage.com
Derry,Critchard,dcritchard3v@google.co.uk
Jerrold,McClymond,jmcclymond3w@google.co.uk
Dorette,Matasov,dmatasov3x@about.com
Hetty,Tschirschky,htschirschky3y@nature.com
Chantalle,MacFadzan,cmacfadzan3z@zdnet.com
Ellene,MacKnocker,emacknocker40@businessweek.com
Maure,Cops,mcops41@eventbrite.com
Delainey,Haville,dhaville42@symantec.com
Bevan,Sweetlove,bsweetlove43@booking.com
Tova,Klaesson,tklaesson44@who.int
Nickie,Ickovicz,nickovicz45@dell.com
Libbi,Kenchington,lkenchington46@moonfruit.com
Grace,Permain,gpermain47@abc.net.au
Diego,MacCook,dmaccook48@wikia.com
Daisy,Heakey,dheakey49@hao123.com
Zed,McCool,zmccool4a@oaic.gov.au
Mirella,Wisher,mwisher4b@blogspot.com
Ardis,Paquet,apaquet4c@microsoft.com
Charin,Stalman,cstalman4d@so-net.ne.jp
Garv,Vercruysse,gvercruysse4e@wikispaces.com
Corene,Desesquelle,cdesesquelle4f@thetimes.co.uk
Brendan,De Laci,bdelaci4g@163.com
Clara,Norway,cnorway4h@arizona.edu
Dianemarie,Starrs,dstarrs4i@cnn.com
Thibaut,Puttrell,tputtrell4j@angelfire.com
Gilly,Dyche,gdyche4k@cafepress.com
Doti,Espino,despino4l@whitehouse.gov
Davine,Goggins,dgoggins4m@guardian.co.uk
Lynne,Matthai,lmatthai4n@rambler.ru
Madalyn,Capell,mcapell4o@google.cn
Linn,Akehurst,lakehurst4p@nyu.edu
Hugibert,D'Elias,hdelias4q@vistaprint.com
Ulrikaumeko,Isaq,uisaq4r@desdev.cn
Lynette,Lifsey,llifsey4s@mediafire.com
Adair,Pietzker,apietzker4t@blogspot.com
Lorrin,Rickaert,lrickaert4u@linkedin.com
Corissa,Rumbelow,crumbelow4v@jimdo.com
Laurel,Readwin,lreadwin4w@oaic.gov.au
Tracie,Gleadhell,tgleadhell4x@comcast.net
Cathryn,Micka,cmicka4y@bbb.org
Antonetta,Udell,audell4z@google.com.br
Clarence,Sizeland,csizeland50@gmpg.org
Gabriela,Romayne,gromayne51@godaddy.com
Chancey,Wigin,cwigin52@homestead.com
Celie,Bulteel,cbulteel53@mysql.com
Conny,Grundell,cgrundell54@youtube.com
Taddeusz,Cescoti,tcescoti55@taobao.com
Graig,Ivic,givic56@behance.net
Faydra,Flight,fflight57@ftc.gov
Gleda,Northbridge,gnorthbridge58@bigcartel.com
Kissiah,Bartol,kbartol59@pagesperso-orange.fr
Joletta,Parnaby,jparnaby5a@telegraph.co.uk
Liliane,Jellis,ljellis5b@google.co.jp
Nathalia,Farlham,nfarlham5c@4shared.com
Marylin,Vyel,mvyel5d@uiuc.edu
Giff,Watsam,gwatsam5e@ebay.com
Alyosha,Gathercoal,agathercoal5f@odnoklassniki.ru
Tristan,Wride,twride5g@ask.com
Tobye,Mallalieu,tmallalieu5h@spotify.com
Brendan,Phateplace,bphateplace5i@sciencedaily.com
Guenevere,Heersema,gheersema5j@fema.gov
Konstance,Ailsbury,kailsbury5k@sbwire.com
Rosemary,Lauxmann,rlauxmann5l@ustream.tv
Myrwyn,Hoggan,mhoggan5m@so-net.ne.jp
Moises,Ratcliff,mratcliff5n@si.edu
Linoel,Beales,lbeales5o@pcworld.com
Rikki,Donke,rdonke5p@instagram.com
Darcey,Pengelly,dpengelly5q@blogspot.com
Don,Edgcumbe,dedgcumbe5r@simplemachines.org
Jeanne,Groucock,jgroucock5s@1688.com
Brook,Georgiades,bgeorgiades5t@wordpress.com
Jodie,Bricklebank,jbricklebank5u@amazon.de
Aurora,Daniaud,adaniaud5v@so-net.ne.jp
Budd,Mowsdill,bmowsdill5w@diigo.com
Cathleen,Bruneau,cbruneau5x@artisteer.com
Paola,Gurge,pgurge5y@phoca.cz
Karim,Utton,kutton5z@edublogs.org
Cad,Gronw,cgronw60@myspace.com
Roosevelt,Zanini,rzanini61@berkeley.edu
Mellie,Briiginshaw,mbriiginshaw62@cnet.com
Enrika,Tolputt,etolputt63@a8.net
Pippy,Cashin,pcashin64@people.com.cn
Anastasie,Seagrove,aseagrove65@newsvine.com
Marja,Lorrimer,mlorrimer66@simplemachines.org
Winona,Dearden,wdearden67@cisco.com
Hermia,Heffernon,hheffernon68@indiatimes.com
Ketty,Lamborn,klamborn69@vimeo.com
Thedric,McNelly,tmcnelly6a@hostgator.com
Foster,Austins,faustins6b@google.ru
Darill,Joseff,djoseff6c@youtu.be
Joela,Krout,jkrout6d@mit.edu
Morgan,Eastman,meastman6e@yahoo.com
Sandye,Mulchrone,smulchrone6f@prlog.org
Colette,Carr,ccarr6g@mysql.com
Chrisy,Laybourn,claybourn6h@amazonaws.com
Hedvig,Winslett,hwinslett6i@rediff.com
Christabella,Heelis,cheelis6j@dropbox.com
Windham,Tomlett,wtomlett6k@oakley.com
Tori,Colvine,tcolvine6l@163.com
Roxine,Bouda,rbouda6m@tiny.cc
Marga,Quest,mquest6n@de.vu
Lind,Swinyard,lswinyard6o@chron.com
Fina,Anten,fanten6p@ameblo.jp
Dene,Broggini,dbroggini6q@apache.org
Keslie,Kausche,kkausche6r@alibaba.com
Agnes,Roft,aroft6s@com.com
Monti,Ollerton,mollerton6t@google.de
Jose,Reddlesden,jreddlesden6u@cpanel.net
Johan,Chamberlayne,jchamberlayne6v@youku.com
Elna,MacKenny,emackenny6w@nps.gov
Dru,Gossart,dgossart6x@shutterfly.com
Shani,Kirkwood,skirkwood6y@alibaba.com
Bourke,Hitzke,bhitzke6z@friendfeed.com
Matty,Wrotham,mwrotham70@disqus.com
Modesty,Kulvear,mkulvear71@apache.org
Garald,Lighterness,glighterness72@mtv.com
Sherwin,L'Homme,slhomme73@yelp.com
Sterne,Meyer,smeyer74@guardian.co.uk
Gloria,Mathivat,gmathivat75@vinaora.com
Patten,Axon,paxon76@springer.com
Jerrilyn,Ker,jker77@redcross.org
Helaine,Gramer,hgramer78@dailymail.co.uk
Janean,Fear,jfear79@addtoany.com
Cozmo,Ingman,cingman7a@mozilla.org
Arielle,Starten,astarten7b@sakura.ne.jp
Pietrek,Gidman,pgidman7c@aol.com
Illa,Bentzen,ibentzen7d@discuz.net
Shela,Shelsher,sshelsher7e@mozilla.com
Doralynn,MacCart,dmaccart7f@redcross.org
Floria,Prettyman,fprettyman7g@mapquest.com
Novelia,Colbourne,ncolbourne7h@yahoo.co.jp
Lindi,Le Huquet,llehuquet7i@latimes.com
Caldwell,Sherston,csherston7j@de.vu
Rose,Grossman,rgrossman7k@java.com
Clarence,Shurlock,cshurlock7l@adobe.com
Carr,Lang,clang7m@is.gd
Alexandro,Wrigglesworth,awrigglesworth7n@creativecommons.org
Ronda,Manston,rmanston7o@sourceforge.net
Rebeka,Vasiljevic,rvasiljevic7p@nasa.gov
Cordy,Eakle,ceakle7q@plala.or.jp
Judye,Foulds,jfoulds7r@census.gov
Armand,Kupka,akupka7s@economist.com
Kelly,Dillaway,kdillaway7t@bigcartel.com
Wait,Peteri,wpeteri7u@hp.com
Dosi,Gomersal,dgomersal7v@tuttocitta.it
Klarika,Have,khave7w@bravesites.com
Brandais,Grayshan,bgrayshan7x@delicious.com
Sydney,Mashro,smashro7y@nps.gov
Laverne,Sehorsch,lsehorsch7z@hostgator.com
Vikki,Dudney,vdudney80@fotki.com
Carolee,Collop,ccollop81@omniture.com
Rebekkah,Baxstar,rbaxstar82@ucsd.edu
Karrie,Downes,kdownes83@altervista.org
Kylen,Whistlecroft,kwhistlecroft84@slate.com
Grove,Escofier,gescofier85@ocn.ne.jp
Corbie,Franken,cfranken86@earthlink.net
Perle,Pack,ppack87@archive.org
Caterina,Stot,cstot88@gov.uk
Saraann,Bulloch,sbulloch89@irs.gov
Shauna,Seamon,sseamon8a@themeforest.net
Justen,Arnatt,jarnatt8b@google.co.jp
Row,Dronsfield,rdronsfield8c@spotify.com
Shae,Lodemann,slodemann8d@xinhuanet.com
Brittne,Brickwood,bbrickwood8e@redcross.org
Aleda,Willicott,awillicott8f@homestead.com
Brendon,Benes,bbenes8g@canalblog.com
Jess,Peller,jpeller8h@nifty.com
Chauncey,Gregor,cgregor8i@ask.com
Agneta,Summerfield,asummerfield8j@wunderground.com
Annis,Meenehan,ameenehan8k@shutterfly.com
Aubrette,Thorius,athorius8l@europa.eu
Eduino,Hurtado,ehurtado8m@irs.gov
Llywellyn,Fibbitts,lfibbitts8n@microsoft.com
Beryle,Paschek,bpaschek8o@tamu.edu
Imelda,Derl,iderl8p@dmoz.org
Kenn,Drache,kdrache8q@tuttocitta.it
Jamie,Mellenby,jmellenby8r@indiatimes.com
Kirby,Fetterplace,kfetterplace8s@nsw.gov.au
Brantley,Benoiton,bbenoiton8t@seattletimes.com
Demeter,Toffoletto,dtoffoletto8u@parallels.com
Eduino,Osinin,eosinin8v@spotify.com
Twila,Doberer,tdoberer8w@narod.ru
Aveline,Stirrip,astirrip8x@marriott.com
Cameron,Denyer,cdenyer8y@digg.com
Redford,Seivwright,rseivwright8z@usatoday.com
Forrester,Hentzeler,fhentzeler90@cornell.edu
Asher,Kidgell,akidgell91@google.com.hk
Caddric,Scranny,cscranny92@unesco.org
Correna,Holdey,choldey93@ovh.net
Barbara-anne,Weerdenburg,bweerdenburg94@geocities.com
Margaretha,Peak,mpeak95@myspace.com
Zabrina,Compford,zcompford96@liveinternet.ru
Rutledge,Josipovic,rjosipovic97@diigo.com
Cos,Revance,crevance98@1688.com
Lindsay,Kloser,lkloser99@hibu.com
Cathrine,Riccardini,criccardini9a@skype.com
Lisha,Shalders,lshalders9b@techcrunch.com
Olenolin,Cottom,ocottom9c@pbs.org
Jecho,Dene,jdene9d@opensource.org
Tore,Dumberell,tdumberell9e@geocities.com
Dunn,Bloor,dbloor9f@vimeo.com
Judi,Whoolehan,jwhoolehan9g@toplist.cz
Andris,Scammell,ascammell9h@hostgator.com
Mable,Garbar,mgarbar9i@princeton.edu
Roseline,Allmond,rallmond9j@smh.com.au
Terrance,Foskett,tfoskett9k@aboutads.info
Elsinore,Soper,esoper9l@tripod.com
Julianna,Nuccitelli,jnuccitelli9m@blog.com
Josephina,Parkhouse,jparkhouse9n@comsenz.com
Beulah,Wyard,bwyard9o@skyrock.com
Genny,Arpin,garpin9p@nifty.com
Fan,Heys,fheys9q@mysql.com
Eldridge,Bertelsen,ebertelsen9r@dailymotion.com
Dewain,Gozzard,dgozzard9s@cornell.edu
Gusti,Brashaw,gbrashaw9t@redcross.org
Lari,Castle,lcastle9u@redcross.org
Yurik,Rowth,yrowth9v@rakuten.co.jp
Maire,Aspell,maspell9w@berkeley.edu
Eduard,Schaumaker,eschaumaker9x@mtv.com
Calla,Weatherdon,cweatherdon9y@com.com
Janie,Puller,jpuller9z@networksolutions.com
Lorne,Mum,lmuma0@sina.com.cn
Clarabelle,Kitchingham,ckitchinghama1@sogou.com
Reinaldos,Spellar,rspellara2@archive.org
Dorthy,Pagen,dpagena3@ft.com
Cari,Croad,ccroada4@nba.com
Wini,Rebert,wreberta5@mozilla.org
Dud,Domonkos,ddomonkosa6@phpbb.com
Merissa,Leehane,mleehanea7@flavors.me
Michel,Pycock,mpycocka8@abc.net.au
Lanita,Crossland,lcrosslanda9@who.int
Anastassia,Leonida,aleonidaaa@cnbc.com
Rita,Bunch,rbunchab@123-reg.co.uk
Hagen,Brandino,hbrandinoac@hatena.ne.jp
Carrissa,Walentynowicz,cwalentynowiczad@spiegel.de
Ira,Cecchetelli,icecchetelliae@about.com
Marylee,Hastwell,mhastwellaf@chicagotribune.com
Marijo,Gregoretti,mgregorettiag@mac.com
Junette,Glossup,jglossupah@nbcnews.com
Bee,Blackway,bblackwayai@tuttocitta.it
Peirce,Baford,pbafordaj@lycos.com
Morey,Conaghan,mconaghanak@technorati.com
Elroy,Bilfoot,ebilfootal@harvard.edu
Ignatius,Thomkins,ithomkinsam@jigsy.com
Glory,Norfolk,gnorfolkan@house.gov
Nydia,Chagg,nchaggao@netvibes.com
Karol,Lodford,klodfordap@shinystat.com
Janice,Simioli,jsimioliaq@unicef.org
Mabel,Fortnon,mfortnonar@salon.com
Tommy,Eakly,teaklyas@newsvine.com
Keely,Carous,kcarousat@goodreads.com
Ethelred,Ahrendsen,eahrendsenau@vinaora.com
Colan,Oxtoby,coxtobyav@answers.com
Joby,Frosch,jfroschaw@cocolog-nifty.com
Boyd,Espadate,bespadateax@europa.eu
Emmalynn,Knoble,eknobleay@alibaba.com
Barbabra,Kirkbright,bkirkbrightaz@engadget.com
Paige,Skahill,pskahillb0@nasa.gov
Caryn,McClelland,cmcclellandb1@tmall.com
Tamra,Iacomelli,tiacomellib2@google.ru
Pavia,Poynton,ppoyntonb3@soup.io
Allister,Piwell,apiwellb4@photobucket.com
Rhea,Vain,rvainb5@pinterest.com
Gianina,Weymont,gweymontb6@addthis.com
Leonerd,Riddlesden,lriddlesdenb7@topsy.com
Redd,Elves,relvesb8@umn.edu
Harald,McGilvray,hmcgilvrayb9@telegraph.co.uk
Ezekiel,Broek,ebroekba@google.it
Janeczka,Hannigane,jhanniganebb@1688.com
Ty,Dondon,tdondonbc@seesaa.net
Rawley,Temblett,rtemblettbd@earthlink.net
Wilhelm,Gannicleff,wgannicleffbe@linkedin.com
Paulita,Ritchie,pritchiebf@weebly.com
Sherry,Freear,sfreearbg@google.cn
Gavrielle,Averies,gaveriesbh@xing.com
Filippo,Gavin,fgavinbi@cisco.com
Eirena,Tompkiss,etompkissbj@1688.com
Talbot,Kingerby,tkingerbybk@buzzfeed.com
Basilio,Calderwood,bcalderwoodbl@indiatimes.com
Clyde,Norster,cnorsterbm@g.co
Hanna,Sokell,hsokellbn@telegraph.co.uk
Tamiko,Folomkin,tfolomkinbo@bravesites.com
Daryl,Fancott,dfancottbp@ebay.co.uk
Seth,Demageard,sdemageardbq@sciencedaily.com
Cyrillus,Stollberger,cstollbergerbr@pen.io
Emalee,Cometto,ecomettobs@51.la
Kassandra,Fairhurst,kfairhurstbt@squarespace.com
Barnaby,Garfit,bgarfitbu@blinklist.com
Alexei,Wakefield,awakefieldbv@dion.ne.jp
Friedrich,Elliston,fellistonbw@weather.com
Dyane,Mundie,dmundiebx@clickbank.net
Hal,Sigmund,hsigmundby@php.net
Sheba,Postance,spostancebz@facebook.com
Hobard,Worsham,hworshamc0@webnode.com
Henrik,Andryszczak,handryszczakc1@reuters.com
Arlee,Higgen,ahiggenc2@cisco.com
Sammy,Postles,spostlesc3@yahoo.co.jp
Elysee,Suermeiers,esuermeiersc4@example.com
Gerladina,Ebdon,gebdonc5@auda.org.au
Priscilla,Letrange,pletrangec6@nbcnews.com
Marvin,Dockrey,mdockreyc7@ibm.com
Bobbye,Earthfield,bearthfieldc8@oaic.gov.au
Nat,Rennox,nrennoxc9@sakura.ne.jp
Marlena,Damant,mdamantca@chron.com
Viva,Glasspool,vglasspoolcb@amazon.co.jp
Val,Quilleash,vquilleashcc@cdc.gov
Twila,O' Bee,tobeecd@patch.com
Allyson,Lambrecht,alambrechtce@mapy.cz
Amandy,Ferebee,aferebeecf@boston.com
Janine,Karel,jkarelcg@statcounter.com
Willetta,Fentem,wfentemch@scribd.com
Jobie,Mateus,jmateusci@omniture.com
Othello,Lean,oleancj@vimeo.com
Vivianne,Reinger,vreingerck@usnews.com
Doralynn,Falvey,dfalveycl@vkontakte.ru
Spencer,Hutsby,shutsbycm@jigsy.com
Pete,Dunguy,pdunguycn@shinystat.com
Evangelina,Lipman,elipmanco@gmpg.org
Kellen,De la Feld,kdelafeldcp@nifty.com
Hettie,Sirette,hsirettecq@eventbrite.com
Gwendolen,Swanger,gswangercr@infoseek.co.jp
Peyter,Testin,ptestincs@gravatar.com
Urbain,Le Blond,uleblondct@google.pl
Noak,Clendinning,nclendinningcu@flavors.me
Chrotoem,Walduck,cwalduckcv@washington.edu
Cornelle,Windle,cwindlecw@mozilla.org
Tomasine,McGragh,tmcgraghcx@w3.org
Tammie,Curzon,tcurzoncy@fastcompany.com
Horatio,Griffen,hgriffencz@forbes.com
Lynde,Blankett,lblankettd0@squarespace.com
Elva,Khadir,ekhadird1@nytimes.com
Osbourne,Lougheed,olougheedd2@wordpress.org
Dido,Mordanti,dmordantid3@about.me
Andy,Grigoriev,agrigorievd4@europa.eu
Dalila,Flood,dfloodd5@gmpg.org
Thedrick,Tullett,ttullettd6@examiner.com
Malvina,Pond-Jones,mpondjonesd7@delicious.com
Ewart,Beckitt,ebeckittd8@ca.gov
Blane,Peebles,bpeeblesd9@woothemes.com
Raven,Isac,risacda@yelp.com
Rycca,Selwyne,rselwynedb@taobao.com
Phyllys,Blunt,pbluntdc@ucoz.com
Yehudit,Mungin,ymungindd@facebook.com
Torre,Kynd,tkyndde@sciencedirect.com
Olympia,Orum,oorumdf@privacy.gov.au
Gasper,Danzig,gdanzigdg@networkadvertising.org
Aurilia,Ervin,aervindh@fda.gov
Oliviero,Cammomile,ocammomiledi@cdbaby.com
Ursula,Hatherleigh,uhatherleighdj@facebook.com
Marne,De Laspee,mdelaspeedk@accuweather.com
Mariele,Ellissen,mellissendl@51.la
Carla,Haselwood,chaselwooddm@foxnews.com
Hilly,Kerrane,hkerranedn@a8.net
Evvy,Trusler,etruslerdo@privacy.gov.au
Sanford,Du Hamel,sduhameldp@bloglines.com
Elwin,Prinnett,eprinnettdq@fotki.com
Bernette,Trembath,btrembathdr@instagram.com
Janice,Blanch,jblanchds@google.nl
Peg,Pirouet,ppirouetdt@bbb.org
Peta,Keyden,pkeydendu@mashable.com
Anneliese,Thurnham,athurnhamdv@netvibes.com
Jobyna,Taylor,jtaylordw@state.tx.us
Dur,Gaitley,dgaitleydx@slideshare.net
Minni,Salla,msallady@diigo.com
Rollins,Dawe,rdawedz@networksolutions.com
Ester,Brownbill,ebrownbille0@wired.com
Datha,Goodrich,dgoodriche1@sphinn.com
Stefan,Moorman,smoormane2@disqus.com
Abey,Horsley,ahorsleye3@tinyurl.com
Marcela,Roizn,mroizne4@sohu.com
Benetta,Bunner,bbunnere5@storify.com
Allister,Crighten,acrightene6@slate.com
Donnell,Symones,dsymonese7@sohu.com
Jacklin,Lattos,jlattose8@tinypic.com
Ogdan,Menilove,omenilovee9@ox.ac.uk
Simonette,Brundle,sbrundleea@drupal.org
Portie,Totman,ptotmaneb@businessweek.com
Leda,Beckhurst,lbeckhurstec@miitbeian.gov.cn
Pip,Byers,pbyersed@360.cn
Juanita,Audibert,jaudibertee@parallels.com
Aldin,Dewing,adewingef@hp.com
Pamelina,Redhole,predholeeg@redcross.org
Nollie,Batchelder,nbatcheldereh@nhs.uk
Hank,Fantone,hfantoneei@mit.edu
Tanya,Snare,tsnareej@cyberchimps.com
Lenard,Cowdery,lcowderyek@ucoz.ru
Malia,Garvie,mgarvieel@rakuten.co.jp
Lauren,McDunlevy,lmcdunlevyem@auda.org.au
Waylin,Kryska,wkryskaen@google.es
Fiona,Vallance,fvallanceeo@bbb.org
Quintin,Grayson,qgraysonep@e-recht24.de
Nikolaus,Shiell,nshielleq@theglobeandmail.com
Whittaker,Soar,wsoarer@miitbeian.gov.cn
Craggy,Ayto,caytoes@sina.com.cn
Demetra,Hoff,dhoffet@furl.net
Haslett,Sreenan,hsreenaneu@mysql.com
Amalle,Farrey,afarreyev@example.com
Alfy,Beams,abeamsew@diigo.com
Cacilia,Le Galle,clegalleex@163.com
Arlie,Brookfield,abrookfieldey@msn.com
Sidoney,Fenn,sfennez@live.com
Olympia,Rahl,orahlf0@geocities.com
Yolanthe,Nolder,ynolderf1@qq.com
Levy,MacShirrie,lmacshirrief2@examiner.com
Daisie,Lind,dlindf3@newsvine.com
Teressa,Conquer,tconquerf4@imgur.com
Sherrie,Connock,sconnockf5@wired.com
Margaretta,Gabbotts,mgabbottsf6@bloglovin.com
Cristabel,Galland,cgallandf7@disqus.com
Carolynn,Mohammad,cmohammadf8@etsy.com
Livvyy,Pavlovic,lpavlovicf9@biblegateway.com
Rocky,Jeannet,rjeannetfa@networksolutions.com
Charil,Cresser,ccresserfb@4shared.com
Pete,Manchester,pmanchesterfc@vimeo.com
Seana,Anstead,sansteadfd@drupal.org
Orlando,Gascoigne,ogascoignefe@phpbb.com
Yardley,Inott,yinottff@chron.com
Nance,Gunning,ngunningfg@hostgator.com
Syd,Lanfare,slanfarefh@pinterest.com
Evyn,Huffa,ehuffafi@slideshare.net
Evanne,Dowzell,edowzellfj@sakura.ne.jp
Alphonso,Gouldie,agouldiefk@nature.com
Roger,Henrot,rhenrotfl@prnewswire.com
Bobette,Stuehmeyer,bstuehmeyerfm@angelfire.com
Vincenty,Gasnell,vgasnellfn@acquirethisname.com
Isidoro,Humbatch,ihumbatchfo@ask.com
Maurizia,Aiken,maikenfp@java.com
Daisey,Cawthry,dcawthryfq@reuters.com
Nicko,Mougel,nmougelfr@icio.us
Jandy,Le Pine,jlepinefs@youtube.com
Alli,Bothe,abotheft@blogger.com
Shelden,Packwood,spackwoodfu@macromedia.com
Andra,Forrester,aforresterfv@comcast.net
Beryl,Winsor,bwinsorfw@narod.ru
Mel,Deely,mdeelyfx@ihg.com
Lynea,O'Currigan,locurriganfy@ning.com
Rhianon,Jacquemet,rjacquemetfz@google.es
Massimiliano,Duigan,mduigang0@hud.gov
Emeline,Boscher,eboscherg1@feedburner.com
Elmo,Cicchelli,ecicchellig2@vkontakte.ru
Gary,Yakubovich,gyakubovichg3@psu.edu
Brennan,McWhorter,bmcwhorterg4@taobao.com
Bamby,Burden,bburdeng5@linkedin.com
Morissa,Nulty,mnultyg6@about.com
Cassandre,Yakob,cyakobg7@independent.co.uk
Harrie,Niccols,hniccolsg8@ihg.com
Benni,Searle,bsearleg9@barnesandnoble.com
Herve,Hoffner,hhoffnerga@creativecommons.org
Nicky,Gotthard.sf,ngotthardsfgb@foxnews.com
Koral,Guyon,kguyongc@marriott.com
Brit,Aleveque,balevequegd@europa.eu
Barbee,Emtage,bemtagege@elegantthemes.com
Mozes,Pie,mpiegf@chronoengine.com
Lonee,Dudson,ldudsongg@moonfruit.com
Ciro,Botger,cbotgergh@deviantart.com
Clyde,Laneham,clanehamgi@netscape.com
Debbi,Metcalfe,dmetcalfegj@amazon.co.uk
Felipa,Tulley,ftulleygk@ftc.gov
Walton,Schimmang,wschimmanggl@bandcamp.com
Eddy,Whates,ewhatesgm@arstechnica.com
Craggie,Gandley,cgandleygn@time.com
Brien,Willans,bwillansgo@deliciousdays.com
Francisco,Duffield,fduffieldgp@uol.com.br
Corella,Stichall,cstichallgq@weather.com
Gabbi,Cavnor,gcavnorgr@newsvine.com
Frederica,Lakeman,flakemangs@vkontakte.ru
Valenka,Kettlestringe,vkettlestringegt@oracle.com
Veronica,Ilymanov,vilymanovgu@ezinearticles.com
Marcela,Keith,mkeithgv@ning.com
Wolfie,Moreton,wmoretongw@nifty.com
Deane,Jelphs,djelphsgx@umn.edu
Anet,Vinden,avindengy@patch.com
Lionello,Ling,llinggz@acquirethisname.com
Janeen,Puddin,jpuddinh0@1688.com
Kathi,Leggis,kleggish1@opera.com
Latisha,Durgan,ldurganh2@shutterfly.com
Cole,Traher,ctraherh3@loc.gov
Shandee,Lundon,slundonh4@360.cn
Reade,Slany,rslanyh5@newyorker.com
Samson,Mowbury,smowburyh6@shinystat.com
Audre,Carpe,acarpeh7@businessinsider.com
Robbyn,Orpin,rorpinh8@youku.com
Roderick,Dalman,rdalmanh9@narod.ru
Karisa,McCurtin,kmccurtinha@spotify.com
Levy,Joburn,ljoburnhb@friendfeed.com
Shayna,Louedey,slouedeyhc@quantcast.com
Cassandry,Donovin,cdonovinhd@elegantthemes.com
Faina,Convery,fconveryhe@apple.com
Shari,Masedon,smasedonhf@nytimes.com
Gabey,McKeating,gmckeatinghg@constantcontact.com
Eddy,Lunbech,elunbechhh@bbc.co.uk
Fritz,Piwell,fpiwellhi@acquirethisname.com
Milicent,Rylance,mrylancehj@chronoengine.com
Myrwyn,Arnaudi,marnaudihk@amazon.co.uk
Madonna,Burlay,mburlayhl@naver.com
Kala,Segeswoeth,ksegeswoethhm@nature.com
Donia,McGrail,dmcgrailhn@biglobe.ne.jp
Hobey,Sorro,hsorroho@newyorker.com
Fairlie,MacGrath,fmacgrathhp@loc.gov
Munmro,Meany,mmeanyhq@newyorker.com
Odetta,Etteridge,oetteridgehr@skype.com
Chickie,Tacon,ctaconhs@comcast.net
Christophorus,Eckery,ceckeryht@constantcontact.com
Viviana,Caplin,vcaplinhu@wikia.com
Yuma,Lempel,ylempelhv@mozilla.com
Darrelle,Moreing,dmoreinghw@gnu.org
Roselle,Petlyura,rpetlyurahx@aboutads.info
Darcey,Marfell,dmarfellhy@reverbnation.com
Keene,Rudgard,krudgardhz@goo.ne.jp
Mason,Ulster,mulsteri0@independent.co.uk
Merrill,Ovise,movisei1@delicious.com
Kean,Ranscome,kranscomei2@ftc.gov
Trenton,Patria,tpatriai3@mit.edu
Cherilynn,Bolwell,cbolwelli4@weibo.com
Kliment,Collens,kcollensi5@businesswire.com
Madelin,Bugg,mbuggi6@cisco.com
Toby,Claxson,tclaxsoni7@t.co
Randolph,Newvill,rnewvilli8@sphinn.com
Richy,Sinton,rsintoni9@dagondesign.com
Fletcher,O' Faherty,fofahertyia@google.fr
Guillermo,Aked,gakedib@fda.gov
Laurens,Mattusov,lmattusovic@yale.edu
Allison,Bydaway,abydawayid@naver.com
Cosimo,Tuohy,ctuohyie@diigo.com
Maryanne,Garretson,mgarretsonif@microsoft.com
Pen,Fairchild,pfairchildig@liveinternet.ru
Charis,Stair,cstairih@sfgate.com
Maribel,Chancelier,mchancelierii@marketwatch.com
Chester,Arkil,carkilij@epa.gov
Judon,Morehall,jmorehallik@webs.com
Fidela,Gait,fgaitil@dailymotion.com
Katina,Paulsen,kpaulsenim@jiathis.com
Desi,Lansdown,dlansdownin@indiatimes.com
Stan,Rozsa,srozsaio@imgur.com
Sheffie,Boniface,sbonifaceip@ibm.com
Travis,Aizik,taizikiq@linkedin.com
Alisa,O'Beirne,aobeirneir@mail.ru
Nels,Iremonger,niremongeris@tiny.cc
Clarke,Lohering,cloheringit@smugmug.com
Alys,McClay,amcclayiu@jalbum.net
Aviva,Preshaw,apreshawiv@wikipedia.org
Josephina,Trenfield,jtrenfieldiw@ow.ly
Rog,Plowell,rplowellix@mlb.com
Raynard,Malter,rmalteriy@baidu.com
Egor,Simeon,esimeoniz@icq.com
Bibi,Farris,bfarrisj0@flavors.me
Tammie,Martellini,tmartellinij1@netscape.com
Callida,Caudell,ccaudellj2@webeden.co.uk
Alyson,Carlaw,acarlawj3@boston.com
Ernesto,Peeters,epeetersj4@bing.com
Von,Hargitt,vhargittj5@people.com.cn
Edgar,Duligall,eduligallj6@thetimes.co.uk
Dorelle,Raubheim,draubheimj7@springer.com
Ronnie,Bembridge,rbembridgej8@reverbnation.com
Joellen,Dunphie,jdunphiej9@ameblo.jp
Rickard,Kinnerley,rkinnerleyja@ocn.ne.jp
Dex,Smorthit,dsmorthitjb@yale.edu
Glenn,Dorkens,gdorkensjc@360.cn
Jaime,Farman,jfarmanjd@jiathis.com
Pier,Lowseley,plowseleyje@myspace.com
Colet,Hazlehurst,chazlehurstjf@psu.edu
Abelard,Maypole,amaypolejg@nhs.uk
Pavia,Raspel,praspeljh@sakura.ne.jp
Pietrek,Greenacre,pgreenacreji@walmart.com
Maribeth,Wonfar,mwonfarjj@hc360.com
Lay,Saye,lsayejk@biglobe.ne.jp
Amalia,Compton,acomptonjl@chronoengine.com
Lucila,Fley,lfleyjm@google.com.br
Athena,Goodin,agoodinjn@reference.com
Farand,Gibbe,fgibbejo@symantec.com
Pauline,Arrighi,parrighijp@opensource.org
Shaine,Blaxley,sblaxleyjq@ft.com
Fanya,Housden,fhousdenjr@aboutads.info
Eilis,Claricoates,eclaricoatesjs@dropbox.com
Ardys,Pering,aperingjt@hugedomains.com
Mikey,Janousek,mjanousekju@multiply.com
Rafa,Noseworthy,rnoseworthyjv@fotki.com
Prentiss,Oxbie,poxbiejw@google.it
Rosanna,Adolfson,radolfsonjx@springer.com
Leda,Klein,lkleinjy@amazon.co.uk
Ilise,Berzen,iberzenjz@slideshare.net
Carlynn,Landman,clandmank0@desdev.cn
Drugi,Evenett,devenettk1@uiuc.edu
Carla,Papachristophorou,cpapachristophorouk2@pinterest.com
Ebenezer,Digwood,edigwoodk3@latimes.com
Essie,Comettoi,ecomettoik4@dell.com
Ruy,Roman,rromank5@yahoo.com
Marjorie,Blunt,mbluntk6@cbc.ca
Jordan,Giovanni,jgiovannik7@flavors.me
Mavra,Attrill,mattrillk8@flavors.me
Alameda,Emons,aemonsk9@dropbox.com
Carol-jean,Whymark,cwhymarkka@alexa.com
Wilt,Kiefer,wkieferkb@samsung.com
Victoria,Ryce,vrycekc@usatoday.com
Nobe,Ballam,nballamkd@xing.com
Wylie,Scrowson,wscrowsonke@symantec.com
Ario,Evison,aevisonkf@mlb.com
Mireille,Blench,mblenchkg@opera.com
Lynnell,Casina,lcasinakh@time.com
Carlye,Roze,crozeki@wikimedia.org
Gabey,Joskovitch,gjoskovitchkj@cmu.edu
Granger,Boow,gboowkk@china.com.cn
Loydie,Iacovides,liacovideskl@vinaora.com
Barnard,Eisikowitch,beisikowitchkm@uiuc.edu
Daile,Tomasicchio,dtomasicchiokn@gravatar.com
Rodrique,Stealey,rstealeyko@macromedia.com
Irvin,Carrabott,icarrabottkp@mysql.com
Merna,Carragher,mcarragherkq@theguardian.com
Willi,Herries,wherrieskr@alexa.com
Jenna,Borrott,jborrottks@photobucket.com
Wes,O'Shavlan,woshavlankt@ted.com
Miranda,Sargerson,msargersonku@prlog.org
Ingram,Lechmere,ilechmerekv@salon.com
Kingsly,Knatt,kknattkw@who.int
Elianora,Goldney,egoldneykx@bbc.co.uk
Blake,Tembridge,btembridgeky@ftc.gov
Jane,Rowcastle,jrowcastlekz@ucla.edu
Corrina,Furmagier,cfurmagierl0@gravatar.com
Rodi,Paffot,rpaffotl1@blogger.com
Lynelle,Smithson,lsmithsonl2@businessweek.com
Cris,Trunby,ctrunbyl3@tiny.cc
Quincey,Bleeze,qbleezel4@barnesandnoble.com
Isador,Palfree,ipalfreel5@instagram.com
Mallissa,Everingham,meveringhaml6@mail.ru
Lorrayne,Wessel,lwessell7@simplemachines.org
Dedie,Dabels,ddabelsl8@lycos.com
Alair,Luigi,aluigil9@ustream.tv
Betsey,Wilson,bwilsonla@mapquest.com
Guthry,Lynskey,glynskeylb@storify.com
Susie,Cotillard,scotillardlc@addtoany.com
Berti,Favill,bfavillld@tmall.com
Antonietta,Mallender,amallenderle@answers.com
Lea,Gres,lgreslf@baidu.com
Magdalena,Griffey,mgriffeylg@about.me
Roseline,Nutty,rnuttylh@virginia.edu
Kyle,Ley,kleyli@npr.org
Quinlan,Risebrow,qrisebrowlj@amazon.com
Tobe,Yandell,tyandelllk@newyorker.com
Celine,Keling,ckelingll@hatena.ne.jp
Donny,Splevin,dsplevinlm@discuz.net
Wandie,Waterstone,wwaterstoneln@nasa.gov
Morganne,Parrett,mparrettlo@sfgate.com
Cly,Gotcliff,cgotclifflp@jimdo.com
Jocko,Noads,jnoadslq@hatena.ne.jp
Flem,Cowill,fcowilllr@yolasite.com
Jillie,Swadon,jswadonls@unc.edu
Engracia,Gentil,egentillt@sohu.com
Cherida,Dibson,cdibsonlu@nydailynews.com
Rudiger,Manuaud,rmanuaudlv@webnode.com
Kingston,Seer,kseerlw@npr.org
Aileen,Grassot,agrassotlx@studiopress.com
Towney,Ferdinand,tferdinandly@cyberchimps.com
Vince,Howard - Gater,vhowardgaterlz@thetimes.co.uk
Genni,Simla,gsimlam0@posterous.com
Eryn,Fawdrey,efawdreym1@purevolume.com
Warren,Galero,wgalerom2@engadget.com
Janette,Routley,jroutleym3@1688.com
Josee,Mc Trusty,jmctrustym4@uol.com.br
Nobe,Moiser,nmoiserm5@zimbio.com
Babs,Robker,brobkerm6@skype.com
Sean,Lemarie,slemariem7@fema.gov
Kameko,Cartman,kcartmanm8@wisc.edu
Abbey,Garmons,agarmonsm9@hc360.com
Aubrette,Haill,ahaillma@simplemachines.org
Siegfried,Mitchall,smitchallmb@g.co
Mort,Devey,mdeveymc@netscape.com
Greta,Orrell,gorrellmd@fotki.com
Patrick,Cloughton,pcloughtonme@google.pl
Jacquelin,Cornbill,jcornbillmf@nationalgeographic.com
Cristabel,Mountfort,cmountfortmg@odnoklassniki.ru
Nicolai,Miguet,nmiguetmh@merriam-webster.com
Philomena,Scarr,pscarrmi@skype.com
Jacklin,Records,jrecordsmj@weibo.com
Care,Tearney,ctearneymk@marketwatch.com
Merill,Corragan,mcorraganml@blogger.com
Niles,Ligerton,nligertonmm@liveinternet.ru
Barbra,Waymont,bwaymontmn@abc.net.au
Cherice,Stuchbery,cstuchberymo@umich.edu
Pace,Enocksson,penockssonmp@domainmarket.com
Renie,Buie,rbuiemq@flavors.me
Maryann,Seefeldt,mseefeldtmr@addthis.com
Henri,Doubrava,hdoubravams@twitpic.com
Ellary,Elkins,eelkinsmt@clickbank.net
Barbi,Stirrup,bstirrupmu@state.tx.us
Jecho,Brockington,jbrockingtonmv@nationalgeographic.com
Mercedes,Lemar,mlemarmw@google.com.hk
Rustin,Goodsal,rgoodsalmx@unicef.org
Erhart,Wroath,ewroathmy@unblog.fr
Lyn,Patmore,lpatmoremz@weebly.com
Lorry,Tinman,ltinmann0@squarespace.com
Rob,Segrott,rsegrottn1@imdb.com
Felicity,Coleyshaw,fcoleyshawn2@ameblo.jp
Dagmar,Thonger,dthongern3@elpais.com
Ambrose,Corfield,acorfieldn4@statcounter.com
Nita,Lomasny,nlomasnyn5@ocn.ne.jp
Shelby,Griswood,sgriswoodn6@dmoz.org
Biddie,Roskilly,broskillyn7@paypal.com
Nedda,Lanfranconi,nlanfranconin8@wix.com
Pablo,Brinkler,pbrinklern9@ucsd.edu
Glenn,Veronique,gveroniquena@virginia.edu
Netti,Rawlence,nrawlencenb@rediff.com
Killian,Larby,klarbync@ted.com
Raimundo,Tebbett,rtebbettnd@nsw.gov.au
Mickie,Toffoloni,mtoffolonine@geocities.jp
Waylen,Girtin,wgirtinnf@printfriendly.com
Noni,Simmonite,nsimmoniteng@tamu.edu
Ashien,Jambrozek,ajambrozeknh@myspace.com
Tonnie,Skellorne,tskellorneni@mac.com
Atlante,Saxton,asaxtonnj@amazon.de
Flint,Galey,fgaleynk@vimeo.com
Odo,Rolley,orolleynl@lycos.com
Myron,Tordoff,mtordoffnm@sciencedirect.com
Filmore,Maycock,fmaycocknn@blogger.com
Basilius,Petegre,bpetegreno@aol.com
Melitta,Coils,mcoilsnp@skyrock.com
Hestia,Massingham,hmassinghamnq@aboutads.info
Zabrina,Goulborne,zgoulbornenr@i2i.jp
Gayel,Guilloux,gguillouxns@thetimes.co.uk
Victoria,Checo,vchecont@amazon.co.uk
Pascal,Sambath,psambathnu@dropbox.com
Hillary,Dufall,hdufallnv@google.com
Judah,Lightowler,jlightowlernw@opera.com
Salem,Bricksey,sbrickseynx@wisc.edu
Torrin,Braden,tbradenny@unblog.fr
Rosana,Philipson,rphilipsonnz@sourceforge.net
Myrilla,Chasmar,mchasmaro0@nifty.com
Malanie,Yancey,myanceyo1@illinois.edu
Natalina,Coltherd,ncoltherdo2@drupal.org
Lenard,Leming,llemingo3@washington.edu
Camila,Give,cgiveo4@vinaora.com
Jens,Hymer,jhymero5@wufoo.com
Daffi,Tuke,dtukeo6@w3.org
Kristofor,Ianiello,kianielloo7@cloudflare.com
Birk,Calven,bcalveno8@spotify.com
Hebert,Cathery,hcatheryo9@blogs.com
Tara,Cutmore,tcutmoreoa@hatena.ne.jp
Dania,Kedward,dkedwardob@goodreads.com
Kirstin,Posnett,kposnettoc@opensource.org
Leeland,Maltster,lmaltsterod@bbb.org
Jedd,Bachellier,jbachellieroe@nhs.uk
Eilis,Boord,eboordof@gnu.org
Hadlee,Stillmann,hstillmannog@state.tx.us
Marys,Arstall,marstalloh@purevolume.com
Niccolo,Videler,nvideleroi@smh.com.au
Wyatan,Ironmonger,wironmongeroj@europa.eu
Huntley,Bier,hbierok@amazon.co.jp
Cody,Bowkett,cbowkettol@livejournal.com
Saudra,Denslow,sdenslowom@ucla.edu
Gianni,Girardini,ggirardinion@springer.com
Marcia,Surfleet,msurfleetoo@soup.io
Orella,Seniour,oseniourop@histats.com
Myrvyn,Leatherborrow,mleatherborrowoq@vkontakte.ru
Fielding,Hatherley,fhatherleyor@fotki.com
Marla,Snoddon,msnoddonos@cam.ac.uk
Ave,Jouanot,ajouanotot@4shared.com
Ilse,Banbrook,ibanbrookou@harvard.edu
Sylvia,Fawdery,sfawderyov@artisteer.com
Gregg,Darracott,gdarracottow@myspace.com
Mara,Armell,marmellox@studiopress.com
Bobbee,Scarce,bscarceoy@about.me
Dottie,Wolfer,dwolferoz@nsw.gov.au
Guenevere,Kerridge,gkerridgep0@ucla.edu
Hillyer,Rafter,hrafterp1@microsoft.com
Ingemar,Tomaszewicz,itomaszewiczp2@mac.com
Alvy,Dredge,adredgep3@businessweek.com
Kirsten,Yeld,kyeldp4@yelp.com
Nollie,Capsey,ncapseyp5@hubpages.com
Kissee,Whittet,kwhittetp6@soundcloud.com
Jarrad,Libbie,jlibbiep7@princeton.edu
Donovan,Allender,dallenderp8@economist.com
Pearce,Irons,pironsp9@wiley.com
Sharyl,Haton,shatonpa@abc.net.au
Halie,Edis,hedispb@acquirethisname.com
Vinni,Swinbourne,vswinbournepc@mtv.com
Bili,Orwell,borwellpd@blogtalkradio.com
Jaquenette,Kerrane,jkerranepe@blogspot.com
Duff,Daviddi,ddaviddipf@zimbio.com
Gare,Pengilley,gpengilleypg@chronoengine.com
Aggy,Moogan,amooganph@icio.us
Johannes,Tapin,jtapinpi@technorati.com
Tedie,Linscott,tlinscottpj@qq.com
Hildegaard,Chivers,hchiverspk@feedburner.com
Danila,Bortoli,dbortolipl@va.gov
Reggie,Cowwell,rcowwellpm@istockphoto.com
Clementina,Bullman,cbullmanpn@spiegel.de
Milo,Blacklidge,mblacklidgepo@4shared.com
Vernor,Vanyakin,vvanyakinpp@addtoany.com
Ezequiel,Syder,esyderpq@usa.gov
Jessie,Worner,jwornerpr@lycos.com
Shanie,Lathwell,slathwellps@japanpost.jp
Madella,Gue,mguept@livejournal.com
Donella,Bollini,dbollinipu@hostgator.com
Jesse,Rydings,jrydingspv@studiopress.com
Jodie,Rickertsen,jrickertsenpw@spotify.com
Hale,Hawkshaw,hhawkshawpx@wordpress.org
Doloritas,Morter,dmorterpy@paypal.com
Pru,Cloutt,pclouttpz@bravesites.com
Karon,Crockford,kcrockfordq0@studiopress.com
Lacy,Sadler,lsadlerq1@miibeian.gov.cn
Engelbert,Sandever,esandeverq2@state.tx.us
Anya,Shorten,ashortenq3@youtube.com
Fifi,Lambrick,flambrickq4@npr.org
Bennett,Benda,bbendaq5@jalbum.net
Gav,Rabier,grabierq6@wiley.com
Jaime,Higgen,jhiggenq7@stumbleupon.com
Jarred,Ruffler,jrufflerq8@sciencedirect.com
Cassandre,Rappaport,crappaportq9@etsy.com
Aluino,Kydde,akyddeqa@flickr.com
Melita,Doddridge,mdoddridgeqb@github.io
Carly,Bearham,cbearhamqc@cnn.com
Arlen,Lewsam,alewsamqd@vk.com
Dewie,Weatherup,dweatherupqe@salon.com
Lucy,O'Hara,loharaqf@archive.org
Webster,Gallehock,wgallehockqg@statcounter.com
Odilia,Bateup,obateupqh@home.pl
Ailey,Dyde,adydeqi@quantcast.com
Cathe,Fishbourne,cfishbourneqj@icq.com
Kaylil,MacFadzan,kmacfadzanqk@wikia.com
Glory,Vankin,gvankinql@usgs.gov
Kenton,Johantges,kjohantgesqm@dot.gov
Wini,Bilbie,wbilbieqn@printfriendly.com
Raquela,Forster,rforsterqo@gov.uk
Hurleigh,Bocking,hbockingqp@joomla.org
Mae,Crabbe,mcrabbeqq@tripod.com
Ralina,O'Dooghaine,rodooghaineqr@purevolume.com
Justine,Fattorini,jfattoriniqs@indiatimes.com
Evanne,Leipnik,eleipnikqt@w3.org
Raeann,Bousler,rbouslerqu@csmonitor.com
Clemmie,Clynman,cclynmanqv@telegraph.co.uk
Melony,Weber,mweberqw@mapy.cz
Marysa,Szapiro,mszapiroqx@patch.com
Gavrielle,Nowakowska,gnowakowskaqy@cpanel.net
Bret,Greeno,bgreenoqz@bloomberg.com
Dante,Krystek,dkrystekr0@businessweek.com
Kelsey,Osgodby,kosgodbyr1@creativecommons.org
Yardley,Novill,ynovillr2@samsung.com
Isaiah,Boak,iboakr3@people.com.cn
Binny,Rowdell,browdellr4@narod.ru
Carmita,Swalowe,cswalower5@arstechnica.com
Talyah,Miroy,tmiroyr6@behance.net
Nanon,Parfett,nparfettr7@ycombinator.com
Gustie,Wealthall,gwealthallr8@webeden.co.uk
Thom,Rayman,traymanr9@friendfeed.com
Durante,Bertson,dbertsonra@meetup.com
Adelbert,Logsdail,alogsdailrb@joomla.org
Madelena,Wisdom,mwisdomrc@lycos.com
Allyn,Alster,aalsterrd@twitter.com
Homere,Creech,hcreechre@oracle.com
Babb,Neising,bneisingrf@canalblog.com
Jaimie,Ferrai,jferrairg@bbb.org
Lisetta,Mardell,lmardellrh@vk.com
Nichols,Skellen,nskellenri@ihg.com
Kalli,Fawcett,kfawcettrj@weather.com
Ewart,Barrie,ebarrierk@51.la
Anya,Neesham,aneeshamrl@ihg.com
Loise,Raiston,lraistonrm@t.co
Maurizio,McCotter,mmccotterrn@eventbrite.com
Opaline,Szach,oszachro@gov.uk
Jo-ann,Parkyn,jparkynrp@jigsy.com
Augustina,Lodewick,alodewickrq@elpais.com
Millie,Garaghan,mgaraghanrr@feedburner.com
